﻿pos_x,pos_y,rotation,side,designator,mpn,pack,footprint,value,mount_type
35.45,-29.2825,90.0,bottom,D1,,,Diode_DO-35,Diode,tht
206.9,-29.2825,90.0,bottom,D10,,,Diode_DO-35,Diode,tht
359.3,-125.485,90.0,bottom,D100,,,Diode_DO-35,Diode,tht
225.95,-29.2825,90.0,bottom,D11,,,Diode_DO-35,Diode,tht
245.0,-29.2825,90.0,bottom,D12,,,Diode_DO-35,Diode,tht
264.05,-29.2825,90.0,bottom,D13,,,Diode_DO-35,Diode,tht
283.1,-29.2825,90.0,bottom,D14,,,Diode_DO-35,Diode,tht
302.15,-29.2825,90.0,bottom,D15,,,Diode_DO-35,Diode,tht
321.2,-29.2825,90.0,bottom,D16,,,Diode_DO-35,Diode,tht
340.25,-29.2825,90.0,bottom,D17,,,Diode_DO-35,Diode,tht
359.3,-29.2825,90.0,bottom,D18,,,Diode_DO-35,Diode,tht
378.35,-29.2825,90.0,bottom,D19,,,Diode_DO-35,Diode,tht
54.5,-29.2825,90.0,bottom,D2,,,Diode_DO-35,Diode,tht
35.45,-48.3325,90.0,bottom,D20,,,Diode_DO-35,Diode,tht
54.5,-48.3325,90.0,bottom,D21,,,Diode_DO-35,Diode,tht
73.55,-48.3325,90.0,bottom,D22,,,Diode_DO-35,Diode,tht
92.6,-48.3325,90.0,bottom,D23,,,Diode_DO-35,Diode,tht
111.65,-48.3325,90.0,bottom,D24,,,Diode_DO-35,Diode,tht
130.7,-48.3325,90.0,bottom,D25,,,Diode_DO-35,Diode,tht
149.75,-48.3325,90.0,bottom,D26,,,Diode_DO-35,Diode,tht
168.8,-48.3325,90.0,bottom,D27,,,Diode_DO-35,Diode,tht
187.85,-48.3325,90.0,bottom,D28,,,Diode_DO-35,Diode,tht
206.9,-48.3325,90.0,bottom,D29,,,Diode_DO-35,Diode,tht
73.55,-29.2825,90.0,bottom,D3,,,Diode_DO-35,Diode,tht
225.95,-48.3325,90.0,bottom,D30,,,Diode_DO-35,Diode,tht
245.0,-48.3325,90.0,bottom,D31,,,Diode_DO-35,Diode,tht
264.05,-48.3325,90.0,bottom,D32,,,Diode_DO-35,Diode,tht
302.15,-48.3325,90.0,bottom,D33,,,Diode_DO-35,Diode,tht
321.2,-48.3325,90.0,bottom,D34,,,Diode_DO-35,Diode,tht
340.25,-48.3325,90.0,bottom,D35,,,Diode_DO-35,Diode,tht
359.3,-48.3325,90.0,bottom,D36,,,Diode_DO-35,Diode,tht
378.35,-48.3325,90.0,bottom,D37,,,Diode_DO-35,Diode,tht
40.2125,-67.3825,90.0,bottom,D38,,,Diode_DO-35,Diode,tht
64.025,-67.3825,90.0,bottom,D39,,,Diode_DO-35,Diode,tht
92.6,-29.2825,90.0,bottom,D4,,,Diode_DO-35,Diode,tht
83.075,-67.3825,90.0,bottom,D40,,,Diode_DO-35,Diode,tht
102.125,-67.3825,90.0,bottom,D41,,,Diode_DO-35,Diode,tht
121.175,-67.3825,90.0,bottom,D42,,,Diode_DO-35,Diode,tht
140.225,-67.3825,90.0,bottom,D43,,,Diode_DO-35,Diode,tht
159.275,-67.3825,90.0,bottom,D44,,,Diode_DO-35,Diode,tht
178.325,-67.3825,90.0,bottom,D45,,,Diode_DO-35,Diode,tht
197.375,-67.3825,90.0,bottom,D46,,,Diode_DO-35,Diode,tht
216.425,-67.3825,90.0,bottom,D47,,,Diode_DO-35,Diode,tht
235.475,-67.3825,90.0,bottom,D48,,,Diode_DO-35,Diode,tht
254.525,-67.3825,90.0,bottom,D49,,,Diode_DO-35,Diode,tht
111.65,-29.2825,90.0,bottom,D5,,,Diode_DO-35,Diode,tht
273.575,-67.3825,90.0,bottom,D50,,,Diode_DO-35,Diode,tht
297.3875,-67.3825,90.0,bottom,D51,,,Diode_DO-35,Diode,tht
321.2,-67.3825,90.0,bottom,D52,,,Diode_DO-35,Diode,tht
340.25,-67.3825,90.0,bottom,D53,,,Diode_DO-35,Diode,tht
359.3,-67.3825,90.0,bottom,D54,,,Diode_DO-35,Diode,tht
365.9675,-55.0,0.0,bottom,D55,,,Diode_DO-35,Diode,tht
42.59375,-86.4325,90.0,bottom,D56,,,Diode_DO-35,Diode,tht
68.7875,-86.4325,90.0,bottom,D57,,,Diode_DO-35,Diode,tht
87.8375,-86.4325,90.0,bottom,D58,,,Diode_DO-35,Diode,tht
106.8875,-86.4325,90.0,bottom,D59,,,Diode_DO-35,Diode,tht
130.7,-29.2825,90.0,bottom,D6,,,Diode_DO-35,Diode,tht
125.9375,-86.4325,90.0,bottom,D60,,,Diode_DO-35,Diode,tht
144.9875,-86.4325,90.0,bottom,D61,,,Diode_DO-35,Diode,tht
164.0375,-86.4325,90.0,bottom,D62,,,Diode_DO-35,Diode,tht
183.0875,-86.4325,90.0,bottom,D63,,,Diode_DO-35,Diode,tht
202.1375,-86.4325,90.0,bottom,D64,,,Diode_DO-35,Diode,tht
221.1875,-86.4325,90.0,bottom,D65,,,Diode_DO-35,Diode,tht
240.2375,-86.4325,90.0,bottom,D66,,,Diode_DO-35,Diode,tht
259.2875,-86.4325,90.0,bottom,D67,,,Diode_DO-35,Diode,tht
299.76875,-86.4325,90.0,bottom,D68,,,Diode_DO-35,Diode,tht
321.2,-86.4325,90.0,bottom,D69,,,Diode_DO-35,Diode,tht
149.75,-29.2825,90.0,bottom,D7,,,Diode_DO-35,Diode,tht
340.25,-86.4325,90.0,bottom,D70,,,Diode_DO-35,Diode,tht
359.3,-88.3375,90.0,bottom,D71,,,Diode_DO-35,Diode,tht
56.88125,-105.4825,90.0,bottom,D72,,,Diode_DO-35,Diode,tht
78.3125,-105.4825,90.0,bottom,D73,,,Diode_DO-35,Diode,tht
97.3625,-105.4825,90.0,bottom,D74,,,Diode_DO-35,Diode,tht
116.4125,-105.4825,90.0,bottom,D75,,,Diode_DO-35,Diode,tht
135.4625,-105.4825,90.0,bottom,D76,,,Diode_DO-35,Diode,tht
154.5125,-105.4825,90.0,bottom,D77,,,Diode_DO-35,Diode,tht
173.5625,-105.4825,90.0,bottom,D78,,,Diode_DO-35,Diode,tht
192.6125,-105.4825,90.0,bottom,D79,,,Diode_DO-35,Diode,tht
168.8,-29.2825,90.0,bottom,D8,,,Diode_DO-35,Diode,tht
211.6625,-105.4825,90.0,bottom,D80,,,Diode_DO-35,Diode,tht
230.7125,-105.4825,90.0,bottom,D81,,,Diode_DO-35,Diode,tht
249.7625,-105.4825,90.0,bottom,D82,,,Diode_DO-35,Diode,tht
275.95625,-105.4825,90.0,bottom,D83,,,Diode_DO-35,Diode,tht
302.15,-105.4825,90.0,bottom,D84,,,Diode_DO-35,Diode,tht
321.2,-105.4825,90.0,bottom,D85,,,Diode_DO-35,Diode,tht
340.25,-105.4825,90.0,bottom,D86,,,Diode_DO-35,Diode,tht
359.3,-105.4825,90.0,bottom,D87,,,Diode_DO-35,Diode,tht
365.9675,-93.1,0.0,bottom,D88,,,Diode_DO-35,Diode,tht
37.83125,-124.5325,90.0,bottom,D89,,,Diode_DO-35,Diode,tht
187.85,-29.2825,90.0,bottom,D9,,,Diode_DO-35,Diode,tht
61.64375,-124.5325,90.0,bottom,D90,,,Diode_DO-35,Diode,tht
85.45625,-124.5325,90.0,bottom,D91,,,Diode_DO-35,Diode,tht
156.89375,-124.5325,90.0,bottom,D92,,,Diode_DO-35,Diode,tht
225.95,-124.5325,90.0,bottom,D93,,,Diode_DO-35,Diode,tht
245.0,-124.5325,90.0,bottom,D94,,,Diode_DO-35,Diode,tht
264.05,-124.5325,90.0,bottom,D95,,,Diode_DO-35,Diode,tht
283.1,-124.5325,90.0,bottom,D96,,,Diode_DO-35,Diode,tht
302.15,-124.5325,90.0,bottom,D97,,,Diode_DO-35,Diode,tht
321.2,-124.5325,90.0,bottom,D98,,,Diode_DO-35,Diode,tht
340.25,-124.5325,90.0,bottom,D99,,,Diode_DO-35,Diode,tht
25.925,-26.425,0.0,top,S1,,,Hotswap_MX_1.00u,Keyswitch,smt
197.375,-26.425,0.0,top,S10,,,Hotswap_MX_1.00u,Keyswitch,smt
349.775,-121.675,0.0,top,S100,,,Hotswap_MX_1.00u,Keyswitch,smt
216.425,-26.425,0.0,top,S11,,,Hotswap_MX_1.00u,Keyswitch,smt
235.475,-26.425,0.0,top,S12,,,Hotswap_MX_1.00u,Keyswitch,smt
254.525,-26.425,0.0,top,S13,,,Hotswap_MX_1.00u,Keyswitch,smt
273.575,-26.425,0.0,top,S14,,,Hotswap_MX_1.00u,Keyswitch,smt
292.625,-26.425,0.0,top,S15,,,Hotswap_MX_1.00u,Keyswitch,smt
311.675,-26.425,0.0,top,S16,,,Hotswap_MX_1.00u,Keyswitch,smt
330.725,-26.425,0.0,top,S17,,,Hotswap_MX_1.00u,Keyswitch,smt
349.775,-26.425,0.0,top,S18,,,Hotswap_MX_1.00u,Keyswitch,smt
368.825,-26.425,0.0,top,S19,,,Hotswap_MX_1.00u,Keyswitch,smt
44.975,-26.425,0.0,top,S2,,,Hotswap_MX_1.00u,Keyswitch,smt
25.925,-45.475,0.0,top,S20,,,Hotswap_MX_1.00u,Keyswitch,smt
44.975,-45.475,0.0,top,S21,,,Hotswap_MX_1.00u,Keyswitch,smt
64.025,-45.475,0.0,top,S22,,,Hotswap_MX_1.00u,Keyswitch,smt
83.075,-45.475,0.0,top,S23,,,Hotswap_MX_1.00u,Keyswitch,smt
102.125,-45.475,0.0,top,S24,,,Hotswap_MX_1.00u,Keyswitch,smt
121.175,-45.475,0.0,top,S25,,,Hotswap_MX_1.00u,Keyswitch,smt
140.225,-45.475,0.0,top,S26,,,Hotswap_MX_1.00u,Keyswitch,smt
159.275,-45.475,0.0,top,S27,,,Hotswap_MX_1.00u,Keyswitch,smt
178.325,-45.475,0.0,top,S28,,,Hotswap_MX_1.00u,Keyswitch,smt
197.375,-45.475,0.0,top,S29,,,Hotswap_MX_1.00u,Keyswitch,smt
64.025,-26.425,0.0,top,S3,,,Hotswap_MX_1.00u,Keyswitch,smt
216.425,-45.475,0.0,top,S30,,,Hotswap_MX_1.00u,Keyswitch,smt
235.475,-45.475,0.0,top,S31,,,Hotswap_MX_1.00u,Keyswitch,smt
254.525,-45.475,0.0,top,S32,,,Hotswap_MX_1.00u,Keyswitch,smt
283.1,-45.475,0.0,top,S33,,,Hotswap_MX_2.00u,Keyswitch,smt
311.675,-45.475,0.0,top,S34,,,Hotswap_MX_1.00u,Keyswitch,smt
330.725,-45.475,0.0,top,S35,,,Hotswap_MX_1.00u,Keyswitch,smt
349.775,-45.475,0.0,top,S36,,,Hotswap_MX_1.00u,Keyswitch,smt
368.825,-45.475,0.0,top,S37,,,Hotswap_MX_1.00u,Keyswitch,smt
30.6875,-64.525,0.0,top,S38,,,Hotswap_MX_1.50u,Keyswitch,smt
54.5,-64.525,0.0,top,S39,,,Hotswap_MX_1.00u,Keyswitch,smt
83.075,-26.425,0.0,top,S4,,,Hotswap_MX_1.00u,Keyswitch,smt
73.55,-64.525,0.0,top,S40,,,Hotswap_MX_1.00u,Keyswitch,smt
92.6,-64.525,0.0,top,S41,,,Hotswap_MX_1.00u,Keyswitch,smt
111.65,-64.525,0.0,top,S42,,,Hotswap_MX_1.00u,Keyswitch,smt
130.7,-64.525,0.0,top,S43,,,Hotswap_MX_1.00u,Keyswitch,smt
149.75,-64.525,0.0,top,S44,,,Hotswap_MX_1.00u,Keyswitch,smt
168.8,-64.525,0.0,top,S45,,,Hotswap_MX_1.00u,Keyswitch,smt
187.85,-64.525,0.0,top,S46,,,Hotswap_MX_1.00u,Keyswitch,smt
206.9,-64.525,0.0,top,S47,,,Hotswap_MX_1.00u,Keyswitch,smt
225.95,-64.525,0.0,top,S48,,,Hotswap_MX_1.00u,Keyswitch,smt
245.0,-64.525,0.0,top,S49,,,Hotswap_MX_1.00u,Keyswitch,smt
102.125,-26.425,0.0,top,S5,,,Hotswap_MX_1.00u,Keyswitch,smt
264.05,-64.525,0.0,top,S50,,,Hotswap_MX_1.00u,Keyswitch,smt
287.8625,-64.525,0.0,top,S51,,,Hotswap_MX_1.50u,Keyswitch,smt
311.675,-64.525,0.0,top,S52,,,Hotswap_MX_1.00u,Keyswitch,smt
330.725,-64.525,0.0,top,S53,,,Hotswap_MX_1.00u,Keyswitch,smt
349.775,-64.525,0.0,top,S54,,,Hotswap_MX_1.00u,Keyswitch,smt
368.825,-74.05,0.0,top,S55,,,Hotswap_MX_2.00u_90deg,Keyswitch,smt
33.06875,-83.575,0.0,top,S56,,,Hotswap_MX_1.75u,Keyswitch,smt
59.2625,-83.575,0.0,top,S57,,,Hotswap_MX_1.00u,Keyswitch,smt
78.3125,-83.575,0.0,top,S58,,,Hotswap_MX_1.00u,Keyswitch,smt
97.3625,-83.575,0.0,top,S59,,,Hotswap_MX_1.00u,Keyswitch,smt
121.175,-26.425,0.0,top,S6,,,Hotswap_MX_1.00u,Keyswitch,smt
116.4125,-83.575,0.0,top,S60,,,Hotswap_MX_1.00u,Keyswitch,smt
135.4625,-83.575,0.0,top,S61,,,Hotswap_MX_1.00u,Keyswitch,smt
154.5125,-83.575,0.0,top,S62,,,Hotswap_MX_1.00u,Keyswitch,smt
173.5625,-83.575,0.0,top,S63,,,Hotswap_MX_1.00u,Keyswitch,smt
192.6125,-83.575,0.0,top,S64,,,Hotswap_MX_1.00u,Keyswitch,smt
211.6625,-83.575,0.0,top,S65,,,Hotswap_MX_1.00u,Keyswitch,smt
230.7125,-83.575,0.0,top,S66,,,Hotswap_MX_1.00u,Keyswitch,smt
249.7625,-83.575,0.0,top,S67,,,Hotswap_MX_1.00u,Keyswitch,smt
280.71875,-83.575,0.0,top,S68,,,Hotswap_MX_2.25u,Keyswitch,smt
311.675,-83.575,0.0,top,S69,,,Hotswap_MX_1.00u,Keyswitch,smt
140.225,-26.425,0.0,top,S7,,,Hotswap_MX_1.00u,Keyswitch,smt
330.725,-83.575,0.0,top,S70,,,Hotswap_MX_1.00u,Keyswitch,smt
349.775,-83.575,0.0,top,S71,,,Hotswap_MX_1.00u,Keyswitch,smt
37.83125,-102.625,0.0,top,S72,,,Hotswap_MX_2.25u,Keyswitch,smt
68.7875,-102.625,0.0,top,S73,,,Hotswap_MX_1.00u,Keyswitch,smt
87.8375,-102.625,0.0,top,S74,,,Hotswap_MX_1.00u,Keyswitch,smt
106.8875,-102.625,0.0,top,S75,,,Hotswap_MX_1.00u,Keyswitch,smt
125.9375,-102.625,0.0,top,S76,,,Hotswap_MX_1.00u,Keyswitch,smt
144.9875,-102.625,0.0,top,S77,,,Hotswap_MX_1.00u,Keyswitch,smt
164.0375,-102.625,0.0,top,S78,,,Hotswap_MX_1.00u,Keyswitch,smt
183.0875,-102.625,0.0,top,S79,,,Hotswap_MX_1.00u,Keyswitch,smt
159.275,-26.425,0.0,top,S8,,,Hotswap_MX_1.00u,Keyswitch,smt
202.1375,-102.625,0.0,top,S80,,,Hotswap_MX_1.00u,Keyswitch,smt
221.1875,-102.625,0.0,top,S81,,,Hotswap_MX_1.00u,Keyswitch,smt
240.2375,-102.625,0.0,top,S82,,,Hotswap_MX_1.00u,Keyswitch,smt
266.43125,-102.625,0.0,top,S83,,,Hotswap_MX_1.75u,Keyswitch,smt
292.625,-102.625,0.0,top,S84,,,Hotswap_MX_1.00u,Keyswitch,smt
311.675,-102.625,0.0,top,S85,,,Hotswap_MX_1.00u,Keyswitch,smt
330.725,-102.625,0.0,top,S86,,,Hotswap_MX_1.00u,Keyswitch,smt
349.775,-102.625,0.0,top,S87,,,Hotswap_MX_1.00u,Keyswitch,smt
368.825,-112.15,0.0,top,S88,,,Hotswap_MX_2.00u_90deg,Keyswitch,smt
28.30625,-121.675,0.0,top,S89,,,Hotswap_MX_1.25u,Keyswitch,smt
178.325,-26.425,0.0,top,S9,,,Hotswap_MX_1.00u,Keyswitch,smt
52.11875,-121.675,0.0,top,S90,,,Hotswap_MX_1.25u,Keyswitch,smt
75.93125,-121.675,0.0,top,S91,,,Hotswap_MX_1.25u,Keyswitch,smt
147.36875,-121.675,0.0,top,S92,,,Hotswap_MX_6.25u,Keyswitch,smt
216.425,-121.675,0.0,top,S93,,,Hotswap_MX_1.00u,Keyswitch,smt
235.475,-121.675,0.0,top,S94,,,Hotswap_MX_1.00u,Keyswitch,smt
254.525,-121.675,0.0,top,S95,,,Hotswap_MX_1.00u,Keyswitch,smt
273.575,-121.675,0.0,top,S96,,,Hotswap_MX_1.00u,Keyswitch,smt
292.625,-121.675,0.0,top,S97,,,Hotswap_MX_1.00u,Keyswitch,smt
311.675,-121.675,0.0,top,S98,,,Hotswap_MX_1.00u,Keyswitch,smt
330.725,-121.675,0.0,top,S99,,,Hotswap_MX_1.00u,Keyswitch,smt
190.65,-1.4,90.0,top,U1,,,Raspberry_Pi_Pico,Raspberry_Pi_Pico,tht
