﻿Designator,Quantity,Value,Footprint,Package,MPN,DNP,Mount_Type,Description,Sim.Device,Sim.Pins
"D1, D10, D100, D11, D12, D13, D14, D15, D16, D17, D18, D19, D2, D20, D21, D22, D23, D24, D25, D26, D27, D28, D29, D3, D30, D31, D32, D33, D34, D35, D36, D37, D38, D39, D4, D40, D41, D42, D43, D44, D45, D46, D47, D48, D49, D5, D50, D51, D52, D53, D54, D55, D56, D57, D58, D59, D6, D60, D61, D62, D63, D64, D65, D66, D67, D68, D69, D7, D70, D71, D72, D73, D74, D75, D76, D77, D78, D79, D8, D80, D81, D82, D83, D84, D85, D86, D87, D88, D89, D9, D90, D91, D92, D93, D94, D95, D96, D97, D98, D99",100,Diode,Diode_DO-35,,,,tht,1N4148 (DO-35) or 1N4148W (SOD-123),D,1=K 2=A
"S1, S10, S100, S11, S12, S13, S14, S15, S16, S17, S18, S19, S2, S20, S21, S22, S23, S24, S25, S26, S27, S28, S29, S3, S30, S31, S32, S34, S35, S36, S37, S39, S4, S40, S41, S42, S43, S44, S45, S46, S47, S48, S49, S5, S50, S52, S53, S54, S57, S58, S59, S6, S60, S61, S62, S63, S64, S65, S66, S67, S69, S7, S70, S71, S73, S74, S75, S76, S77, S78, S79, S8, S80, S81, S82, S84, S85, S86, S87, S9, S93, S94, S95, S96, S97, S98, S99",87,Keyswitch,Hotswap_MX_1.00u,,,,smt,"Push button switch, normally open, two pins, 45° tilted",,
S33,1,Keyswitch,Hotswap_MX_2.00u,,,,smt,"Push button switch, normally open, two pins, 45° tilted",,
"S38, S51",2,Keyswitch,Hotswap_MX_1.50u,,,,smt,"Push button switch, normally open, two pins, 45° tilted",,
"S55, S88",2,Keyswitch,Hotswap_MX_2.00u_90deg,,,,smt,"Push button switch, normally open, two pins, 45° tilted",,
"S56, S83",2,Keyswitch,Hotswap_MX_1.75u,,,,smt,"Push button switch, normally open, two pins, 45° tilted",,
"S68, S72",2,Keyswitch,Hotswap_MX_2.25u,,,,smt,"Push button switch, normally open, two pins, 45° tilted",,
"S89, S90, S91",3,Keyswitch,Hotswap_MX_1.25u,,,,smt,"Push button switch, normally open, two pins, 45° tilted",,
S92,1,Keyswitch,Hotswap_MX_6.25u,,,,smt,"Push button switch, normally open, two pins, 45° tilted",,
U1,1,Raspberry_Pi_Pico,Raspberry_Pi_Pico,,,,tht,,,
